cid,link
5c8142857c983233d419cfd9,algebra/class/8
5c8142857c983233d419cfd9,algebra/class/9
5c813d667c983233d419cfd6,algebra/class/10
5c813d667c983233d419cfd6,algebra/class/11
5c81418a7c983233d419cfd7,geometry/class/7
5c81418a7c983233d419cfd7,geometry/class/8
5c81418a7c983233d419cfd7,geometry/class/9
5c81418a7c983233d419cfd7,geometry/class/10
5c81418a7c983233d419cfd7,geometry/class/11
5c8142857c983233d419cfd8,matematika/class/1
5c8142857c983233d419cfd8,matematika/class/2
5c8142857c983233d419cfd8,matematika/class/3
5c8142857c983233d419cfd8,matematika/class/4
5c8142857c983233d419cfd8,matematika/class/5
5c8142857c983233d419cfd8,matematika/class/6
5cf0c5ae1c9d440000310653,informatika/class/5
5cf0c5ae1c9d440000310653,informatika/class/6
5cf0c5ae1c9d440000310653,informatika/class/8
5cf0c5ae1c9d440000310653,informatika/class/9
5c8142887c983233d419cfe4,obshestvoznanie/class/5
5c8142887c983233d419cfe4,obshestvoznanie/class/6
5c8142887c983233d419cfe4,obshestvoznanie/class/7
5c8142887c983233d419cfe4,obshestvoznanie/class/8
5c8142887c983233d419cfe4,obshestvoznanie/class/9
5c8142887c983233d419cfe4,obshestvoznanie/class/10
5c8142887c983233d419cfe4,obshestvoznanie/class/11
5c81428a7c983233d419cfe9,obzh/class/5
5c81428a7c983233d419cfe9,obzh/class/6
5c81428a7c983233d419cfe9,obzh/class/7
5c81428a7c983233d419cfe9,obzh/class/8
5c81428a7c983233d419cfe9,obzh/class/9
5c81428a7c983233d419cfe9,obzh/class/10
5c81428a7c983233d419cfe9,obzh/class/11
5c81428a7c983233d419cfeb,physics/class/7
5c81428a7c983233d419cfeb,physics/class/8
5c81428a7c983233d419cfeb,physics/class/9
5c81428a7c983233d419cfeb,physics/class/10
5c81428a7c983233d419cfeb,physics/class/11
5c81428b7c983233d419cfec,chemistry/class/8
5c81428b7c983233d419cfec,chemistry/class/9
5c81428b7c983233d419cfec,chemistry/class/10
5c81428b7c983233d419cfec,chemistry/class/11
5c81428b7c983233d419cfed,biology/class/5
5c81428b7c983233d419cfed,biology/class/6
5c81428b7c983233d419cfed,biology/class/7
5c81428b7c983233d419cfed,biology/class/8
5c81428b7c983233d419cfed,biology/class/9
5c81428b7c983233d419cfed,biology/class/10
5c81428b7c983233d419cfed,biology/class/11
5c8142887c983233d419cfe3,geografy/class/5
5c8142887c983233d419cfe3,geografy/class/6
5c8142887c983233d419cfe3,geografy/class/7
5c8142887c983233d419cfe3,geografy/class/8
5c8142887c983233d419cfe3,geografy/class/9
5c8142887c983233d419cfe3,geografy/class/10
5c81428a7c983233d419cfe8,prirodovedenie/class/5
5c8142877c983233d419cfdf,russian/class/1
5c8142877c983233d419cfdf,russian/class/2
5c8142877c983233d419cfdf,russian/class/3
5c8142877c983233d419cfdf,russian/class/4
5c8142877c983233d419cfdf,russian/class/5
5c8142877c983233d419cfdf,russian/class/6
5c8142877c983233d419cfdf,russian/class/7
5c8142877c983233d419cfdf,russian/class/8
5c8142877c983233d419cfdf,russian/class/9
5c8142877c983233d419cfe0,literatura/class/5
5c8142877c983233d419cfe0,literatura/class/6
5c8142877c983233d419cfe0,literatura/class/7
5c8142877c983233d419cfe0,literatura/class/8
5c8142877c983233d419cfe0,literatura/class/9
5c8142877c983233d419cfe0,literatura/class/10
5c8142877c983233d419cfe0,literatura/class/11
5c8142877c983233d419cfe2,istoriya/class/5
5c8142877c983233d419cfe2,istoriya/class/6
5c8142877c983233d419cfe2,istoriya/class/7
5c8142877c983233d419cfe2,istoriya/class/8
5c8142877c983233d419cfe2,istoriya/class/9
5c8142877c983233d419cfe2,istoriya/class/10
5c8142877c983233d419cfe2,istoriya/class/11
5c8142867c983233d419cfdc,english/class/2
5c8142867c983233d419cfdc,english/class/3
5c8142867c983233d419cfdc,english/class/4
5c8142867c983233d419cfdc,english/class/5-6
5c8142867c983233d419cfdc,english/class/7-8
5c8142867c983233d419cfdc,english/class/9
5c8142867c983233d419cfdc,english/class/10-11
5c8142877c983233d419cfe1,chtenie/class/1
5c8142877c983233d419cfe1,chtenie/class/2
5c8142877c983233d419cfe1,chtenie/class/3
5c8142877c983233d419cfe1,chtenie/class/4